fulton county grand jury friday investigation atlanta recent primary election, The Fulton County Grand Jury said Friday an investigation of Atlanta's recent primary election produced `` no evidence '' that
austin texas committee approval gov. daniel abandon property '' act, Austin , Texas -- Committee approval of Gov. Price Daniel's `` abandoned property '' act seemed certain Thursday despite the
several defendant summerdale police burglary trial make statement indicate guilt, Several defendants in the Summerdale police burglary trial made statements indicating their guilt at the time of their arrest ,
oslo positive element emerge oslo meeting north atlantic treaty organization, Oslo The most positive element to emerge from the Oslo meeting of North Atlantic Treaty Organization Foreign Ministers has been
east providence organize civil defense setup begin appoint full-time director, East Providence should organize its civil defense setup and begin by appointing a full-time director , Raymond H. Hawksley ,
plainfield james p. mitchell sen. walter h. jones r-bergen last, Plainfield -- James P. Mitchell and Sen. Walter H. Jones R-Bergen , last night disagreed on the value of using
resentment well yesterday among democratic district leaders county leaders report, Resentment welled up yesterday among Democratic district leaders and some county leaders at reports that Mayor Wagner had decided to
appointment william s. pfaff jr. 41 promotion manager times-picayune publishing, Appointment of William S. Pfaff Jr. , 41 , as promotion manager of The Times-Picayune Publishing Company was announced Saturday
city controller alexander hemphill charge tuesday bid frankford elevated repair, City Controller Alexander Hemphill charged Tuesday that the bids on the Frankford Elevated repair project were rigged to the advantage
vincent g. ierulli appoint temporary assistant district attorney announce monday, Vincent G. Ierulli has been appointed temporary assistant district attorney , it was announced Monday by Charles E. Raymond ,
miami fla. march 17 oriole tonight retain distinction winless team, Miami , Fla. , March 17 -- The Orioles tonight retained the distinction of being the only winless team among
austin texas texas halfback even know team play eldon moritz, Austin , Texas -- A Texas halfback who doesn't even know the team's plays , Eldon Moritz , ranks fourth
rookie ron nischwitz continue pinpoint pitching monday night bear make, Rookie Ron Nischwitz continued his pinpoint pitching Monday night as the Bears made it two straight over Indianapolis , 5-3
philadelphia jan. 23 nick skorich line coach football champion philadelphia, Philadelphia , Jan. 23 -- Nick Skorich , the line coach for the football champion Philadelphia Eagles , was elevated
cardinal heed manager gene mauch phillies mislead pirates' slow start, If the Cardinals heed Manager Gene Mauch of the Phillies , they won't be misled by the Pirates' slower start
romantic news concern mrs. joan monroe armour f. lee h., Romantic news concerns Mrs. Joan Monroe Armour and F. Lee H. Wendell , who are to be married at 4:30
close seven month garden god club gala summer opening saturday, After being closed for seven months , the Garden of the Gods Club will have its gala summer opening Saturday
night new orleans '' gayety plan member thrift shop committee, `` A Night in New Orleans '' is the gayety planned by members of the Thrift Shop Committee for May
baltimore ohio railroad announce yesterday would reduce total amount payroll, The Baltimore and Ohio Railroad announced yesterday it would reduce the total amount of its payroll by 10 per cent
london feb. vital secret britain first atomic submarine dreadnought implication, London , Feb. 9 -- Vital secrets of Britain's first atomic submarine , the Dreadnought , and , by implication
st. johns mich. april 19 jury seven men five woman, St. Johns , Mich. , April 19 . -- A jury of seven men and five women found 21-year-old Richard
emory university board trustee announce friday prepare accept student race, Emory University's Board of Trustees announced Friday that it was prepared to accept students of any race as soon as
salem special second month row multnomah county may short general, Salem ( special ) -- For a second month in a row , Multnomah County may be short of general
70 north providence taxpayer make appeal board tax assessor review, About 70 North Providence taxpayers made appeals to the board of tax assessors for a review of their 1961 tax
asilomar march 26 vast spraying program conduct technician narrow training, Asilomar , March 26 Vast spraying programs conducted by `` technicians with narrow training and little wisdom '' are endangering
probably hot thing hit dallas investment community years morton food, Probably the hottest thing that has hit the Dallas investment community in years was the Morton Foods stock issue ,
santa barbara present recovery movement gather steady momentum lift economy, Santa Barbara -- `` The present recovery movement will gather steady momentum to lift the economy to a new historic
elburn ill. farm machinery dealer bob houtz tilt back batter, Elburn , Ill. -- Farm machinery dealer Bob Houtz tilts back in a battered chair and tells of a sharp
greer garson world-famous star stage screen television honor high standard, Greer Garson , world-famous star of stage , screen and television , will be honored for the high standard in
cookie caramel filling chocolate frosting $25,000 minneapolis housewife 13th annual, A cookie with caramel filling and chocolate frosting won $25,000 for a Minneapolis housewife in the 13th annual Pillsbury Bake-Off
hotel escape bonanza room real bonanza new attraction versatile king, Hotel Escape's Bonanza room has a real bonanza in its new attraction , the versatile `` Kings 4 , Plus
enrique jorda conductor musical director san francisco symphony fulfill two, Enrique Jorda , conductor and musical director of the San Francisco Symphony , will fulfill two more guest conducting engagements
last white house going get much-copied furniture master american craftsman, At last the White House is going to get some much-copied furniture by that master American craftsman , Duncan Phyfe
crucial encounter one initial question put president kennedy first news, For crucial encounter One of the initial questions put to President Kennedy at his first news conference last January was
biologist friend tell mechanism adaptation defense complete satisfactory mollusk case, There are , so my biologist friends tell me , mechanisms of adaptation and defense that are just too complete
sen. john l. mcclellan arkansas rep. david martin nebraska beating, Sen. John L. McClellan of Arkansas and Rep. David Martin of Nebraska are again beating the drums to place the
nation three-front war closed-door session capitol hill last week secretary, The nation the three-front war At a closed-door session on Capitol Hill last week , Secretary of State Christian Herter
masters golf tournament prove last monday strong men staunch nerves, The Masters golf tournament proved last Monday what it can do to the strongest men and the staunchest nerves .
mickey charles mantle new york yankees' man muscle drive home, When Mickey Charles Mantle , the New York Yankees' man of muscle , drives a home run 450 feet into
washington president-elect john f. kennedy convair caroline wing actor-crooner frank, Into Washington on President-elect John F. Kennedy's Convair , the Caroline , winged Actor-Crooner Frank Sinatra and his close Hollywood
philosopher may point trouble congo begin old adam consequently never, A philosopher may point out that the troubles of the Congo began with the old Adam and consequently will never
presidency talking listening though president john f. kennedy primarily concern, The presidency : talking and listening Though President John F. Kennedy was primarily concerned with the crucial problems of Berlin
holder toll-road bond finding improvement monthly report operation turnpike long-term, Holders of toll-road bonds are finding improvements in monthly reports on operation of the turnpikes . Long-term trend of traffic
every library borrower least whose taste go beyond five-cent fiction, Every library borrower , or at least those whose taste goes beyond the five-cent fiction rentals , knows what it
assembly session bring much good general assembly adjourn today perform, Assembly session brought much good The General Assembly , which adjourns today , has performed in an atmosphere of crisis
must berlin remain divide inference widely accept communist succeed building, Must Berlin remain divided ? ? The inference has been too widely accepted that because the Communists have succeeded in
good man depart goodby mr. sam sam rayburn good man, A good man departs . Goodby , Mr. Sam . Sam Rayburn was a good man , a good American
shock wave africa word dag hammarskjold death african plane crash, A shock wave from Africa Word of Dag Hammarskjold's death in an African plane crash has sent a shockwave around
help need dominican republic achieve free democratic government due large, Help when needed If the Dominican Republic achieves free , democratic government , it will be due in large part
study st. louis area economic prospect prepare construction industry joint, The study of the St. Louis area's economic prospects prepared for the Construction Industry Joint Conference confirms and reinforces both
u.n. grave crisis ambassador stevenson yesterday describe u.n. problem elect, The U.N.'s ' gravest crisis ' Ambassador Stevenson yesterday described the U.N.'s problem of electing a temporary successor to the
old tire trembling woman come cannery hear plant closing close, Old , tired , trembling the woman came to the cannery . She had , she said , heard that
mr. podger always particularly enjoy last night summer loon lake, Mr. Podger always particularly enjoyed the last night of each summer at Loon Lake . The narrow fringe of sadness
miami fla. march 17 out-of-town writer come paul richards today, Miami , Fla. , March 17 . An out-of-town writer came up to Paul Richards today and asked the Oriole
california democrat weekend take wrap 1962 model statewide campaign vehicle, California Democrats this weekend will take the wraps off a 1962 model statewide campaign vehicle which they have been quietly
sing sing prisoner strike motivate reasonable purpose fair break parole, Sing Sing's prisoner strike was motivated by a reasonable purpose , a fair break from parole boards . But once
sizzle temperature hot summer pavement anything kind foot important invest, Sizzling temperatures and hot summer pavements are anything but kind to the feet . That is why it is important
period melancholy days autumn university college schedule call homecoming day, This is the period during the melancholy days of autumn when universities and colleges schedule what they call `` Homecoming
providence journal editorial jan. 25 entitle east greenwich face housing, The Providence Journal editorial ( Jan. 25 ) entitled `` East Greenwich Faces A Housing Development Problem '' points to
lousy job '' chicago aug. doubt moment every presidency man, `` A lousy job '' Chicago , Aug. 9 -- No doubt there have been moments during every Presidency when
worker party '' editor sir writing reference recent suggestion '', `` Workers of the party '' to the editor : Sir -- We are writing in reference to a recent
neutral germany soviets fear resurgence german militarism editor new york, For a neutral Germany Soviets said to fear resurgence of German militarism to the editor of the New York Times
ghost town editor inquirer wish congratulate inspector trimmer efficient police, Ghost town ? ? To the editor of the Inquirer : I just wish to congratulate Inspector Trimmer and his
escalation unto death nuclear war already fight except bomb drop, Escalation unto death The nuclear war is already being fought , except that the bombs are not being dropped on
false god resemble moloch least early phase career would unreasonable, All false gods resemble Moloch , at least in the early phases of their careers , so it would be
resume atmospheric test one inescapable reality cold war thrust upon, Resuming atmospheric tests One of the inescapable realities of the Cold War is that it has thrust upon the West
everywhere go formosa ask question search accent self-delusion even hypocrisy, Everywhere I went in Formosa I asked the same question . I was searching for an accent of self-delusion or
broadway unoriginals write play dramatist need idea plus imagination knowledge, Broadway the unoriginals To write a play , the dramatist once needed an idea plus the imagination , the knowledge
surprise thing twenty-second congress soviet communist party surprise perhaps quite, The most surprising thing about the Twenty-second Congress of the Soviet Communist Party is that it is surprising -- perhaps
tenure criterion would like add one practical reform mention russell, Tenure as criterion I would like to add one more practical reform to those mentioned by Russell Kirk ( Dec.
confrontation seem n.c. editorial confrontation '' sr mar. 25 hit, Confrontation It seems to me that N.C. , in his editorial `` Confrontation '' ( SR , Mar. 25 )
news nathan milstein wizard violin certainly orchestra hall play countless, It is not news that Nathan Milstein is a wizard of the violin . Certainly not in Orchestra Hall where
television yet work living arrangement jazz come medium uneasy guest, Television has yet to work out a living arrangement with jazz , which comes to the medium more as an
francois d'albert hungarian-born violinist make new york debut three years, Francois D'Albert , Hungarian-born violinist who made his New York debut three years ago , played a return engagement last
theatre-by-the-sea matunuck present king hearts '' jean kerr eleanor brooke, The Theatre-by-the-Sea , Matunuck , presents `` King Of Hearts '' by Jean Kerr and Eleanor Brooke . Directed by
superb intellectual spiritual vitality william james never evident letters man, The superb intellectual and spiritual vitality of William James was never more evident than in his letters . Here was
george kennan account relations russia west fall tsarism end world, George Kennan's account of relations between Russia and the West from the fall of Tsarism to the end of World
new york philharmonic musician live suburb spend yesterday morning digging, Some of the New York Philharmonic musicians who live in the suburbs spent yesterday morning digging themselves free from snow
funny experience newport yesterday afternoon sat woman sang keep getting, Had a funny experience at Newport yesterday afternoon . Sat there and as a woman sang , she kept getting
murray louis dance appear henry street playhouse friday saturday evening, Murray Louis and his dance company appeared at the Henry Street Playhouse on Friday and Saturday evenings and Sunday afternoons
ring bright water gavin maxwell 211 page dutton a5 long, Ring Of Bright Water , by Gavin Maxwell . 211 pages . Dutton . A5 . Only once in a
mischa elman last night lewisohn stadium concert three american composer, Mischa Elman shared last night's Lewisohn Stadium concert with three American composers . His portion of the program -- and
radio easily outdistance television stride reach minority listener lower costs, Radio is easily outdistancing television in its strides to reach the minority listener . Lower costs and a larger number
tribe ancient india believe earth huge tea tray rest back, A tribe in ancient India believed the earth was a huge tea tray resting on the backs of three giant
elisabeth schwarzkopf sang magnificently saturday night hunter college seem pity, Elisabeth Schwarzkopf sang so magnificently Saturday night at Hunter College that it seems a pity to have to register any
autumn start annual sweep american canadian realize fortunate world fine, As autumn starts its annual sweep , few Americans and Canadians realize how fortunate they are in having the world's
ago bruit primary character erich maria remarque new novel base, A year ago it was bruited that the primary character in Erich Maria Remarque's new novel was based on the
reading public theatergoing public skindiving public horse-playing public others fill, The reading public , the theatergoing public , the skindiving public , the horse-playing public -- all these and others
result although still make use distinction much confusion meaning basic, As a result , although we still make use of this distinction , there is much confusion as to the
content faith present today form understand people '' must forget, If the content of faith is to be presented today in a form that can be `` understanded of the
one hundred years ago exist england association promotion unity christendom, One hundred years ago there existed in England the Association for the Promotion of the Unity of Christendom . Representing
death man unique yet universal straight line would symbolize uniqueness, The death of a man is unique , and yet it is universal . The straight line would symbolize its
furthermore encouragement revisionist thinking manifestly fair admit fraternity constitutional right, Furthermore , as an encouragement to revisionist thinking , it manifestly is fair to admit that any fraternity has a
within past fifty years come uncertainty faith dominate conviction truth, I have , within the past fifty years , come out of all uncertainty into a faith which is a
lord light salvation shall fear lord strength life shall afraid, `` The Lord is my light and my salvation ; ; whom shall I fear ? ? The Lord is
real evidence quarter close ninth century a.d. arabic scholar tabit, But , again , we have no real evidence on this from that quarter until the close of the ninth
person join church insincere earnestly desire god fall wayside fail, Few persons who join the Church are insincere . They earnestly desire to do the will of God . When
men need unity need god care must take neither confuse, Men need unity and they need God . Care must be taken neither to confuse unity with uniformity nor God
circumstances would ever right permit '' termination human race human, When they say that under no circumstances would it ever be right to `` permit '' the termination of the
much shelter housing symbolize social status sense belonging '' acceptance, Much more than shelter , housing symbolizes social status , a sense of `` belonging '' , acceptance within a
look world today see clearly two especially significant factor shaping, If we look about the world today , we can see clearly that there are two especially significant factors shaping
extent ways christianity affect unite state america nineteenth century far, To what extent and in what ways did Christianity affect the United States of America in the nineteenth century ?
individual possess unusual gift great personal power transmute death awesome, Individuals possessing unusual gifts and great personal power were transmuted at death into awesome spirits ; ; they were almost
pope leo 13 13th day december 1898 grant following indulgence, Pope Leo 13 , on the 13th day of December 1898 , granted the following indulgences : `` An indulgence
magazine name guidepost issue reading marks 15th anniversary come 15, I am a magazine ; ; my name is Guideposts ; ; this issue that you are reading marks my
often beginning bodybuilder training secretly either parent want sonny-boy lift, Too often a beginning bodybuilder has to do his training secretly either because his parents don't want sonny-boy to ``
beautiful bed pansy i've see south dakota yard sizzle day, The most beautiful bed of pansies I've seen was in a South Dakota yard on a sizzling day . Pansies
five four three two one fire ! ! tremendous energy, Five , four , three , two , one , fire ! ! The tremendous energy released by giant rocket
lyric beauty schubert trout quintet elemental rhythm infectious melody make, The lyric beauties of Schubert's Trout Quintet -- its elemental rhythms and infectious melodies -- make it a source of
westminster kc dog show madison square garden new york second, At the Westminster KC Dog Show in Madison Square Garden , New York on the second day , the Finals
one time american unless fortunate enough live near body navigable, At one time , to most Americans , unless they were fortunate enough to live near a body of navigable
design mechanical interlocking frame much like mechanical puzzle understand principle, The design of a mechanical interlocking frame is much like a mechanical puzzle , but once understood , the principles
scientist world everything base mathematics without math men continually seeking, Scientists say that the world and everything in it are based on mathematics . Without math the men who are
orlando fla. feb. best 2-year-old pacing mile date ben white, Orlando , Fla. , Feb. 2 -- The best 2-year-old pacing mile up to date at Ben White Raceway has
average reader magazine one gun run survey find always lookout, The average reader of this magazine owns more than one gun ( we ran a survey to find out )
livery stable j. vernon prop. '' coaching decline considerably 1905, Livery stable -- J. Vernon , prop. '' . Coaching had declined considerably by 1905 , but the sign was
never travel width length land cannot conceive basis textbook description, Those who have never traveled the width and length of this land cannot conceive , on the basis of textbook
build upon seven hill istanbul like rome one ancient city, Built upon seven hills , Istanbul , like Rome , is one of the most ancient cities in the world
start fire one two hours ahead time obtain last bed, ( Do start fires one or two hours ahead of time to obtain a lasting bed of glowing coals .
note direction write previous experience making pottery instructions prepare clay, Note : Directions are written for those who have had previous experience in making pottery . Instructions for preparing clay
hotei 23 foot long 8-1/2-foot beam every inch family boat, Hotei is 23 feet long with an 8-1/2-foot beam and every inch a family boat . Menfolk can ride in
build vacation cottage full scale small efficient house become 'round, You can build this vacation cottage yourself . It is a full scale , small , but efficient house that
old-time bridges merrimac river massachusetts unusual interest many respects length, The old-time bridges over the Merrimac River in Massachusetts are of unusual interest in many respects . For their length
good eight years since us acquire swimming pool eight enlighten, It is a good eight years now since each of us acquired a swimming pool -- eight enlightening , vigorous
draw line across country latitude lower pennsylvania house build line, Draw a line across the country at the latitude of lower Pennsylvania . Any house built now below that line
recreation work call good deal pre-planning particularly true site selection, Most recreation work calls for a good deal of pre-planning . This is particularly true in site selection . You
invitation write serge prokofieff honor 70th anniversary april issue sovietskaya, Your invitation to write about Serge Prokofieff to honor his 70th Anniversary for the April issue of Sovietskaya Muzyka is
roy mason essentially landscape painter whose style direction kinship english, Roy Mason is essentially a landscape painter whose style and direction has a kinship with the English watercolorists of the
russian gymnast beat tar american gymnast 1960 olympics one reason, The Russian gymnasts beat the tar out of the American gymnasts in the 1960 Olympics for one reason -- they
every taxpayer well aware vast size annual defense budget reader, Every taxpayer is well aware of the vast size of our annual defense budget and most of our readers also
oersted boyhood represent minimal chance either attain greatness serving people, Oersted's boyhood represented a minimal chance of either attaining greatness or serving his people so well and over so long
knowing specifically many feed additive feed make highly competitive business, Knowing specifically what the many feed additives can do and how and when to feed them can make a highly
marketing new decade picnic sixties present possibly intense competitive activity, Marketing in the new decade will be no picnic -- for the sixties will present possibly the most intense competitive
controversy last years whether architect interior designer plan interior modern, The controversy of the last few years over whether architects or interior designers should plan the interiors of modern buildings
general long since review objective benefit service program permit become, General How long has it been since you reviewed the objectives of your benefit and service program ? ? Have
long ever-increasing column sportsman move new era modern times change, The long and ever-increasing column of sportsmen is now moving into a new era . Modern times have changed the
throughout history man show superior performance become commander others good, Throughout history , the man who showed superior performance has become the commander of others -- for good or bad
sixty mile north new york city wooded hill dutch county, Sixty miles north of New York City where the wooded hills of Dutchess County meet the broad sweep of the
period since end world war period coincide merchandising demand colorful, In the period since the end of World War 2 , -- a period coinciding with merchandising demands for the
new rule no. build outside try build inside insert component, New rule no. 2 : : Don't build from the outside in -- try to build from the inside out
come time life us want alone necessarily away crowd common, There comes a time in the lives of most of us when we want to be alone . Not necessarily
american romance almost nothing rates higher movie men call meeting, In American romance , almost nothing rates higher than what the movie men have called `` meeting cute '' --
another freighter state seem commonplace name john harvey one atlantic, She was just another freighter from the States , and she seemed as commonplace as her name . She was
pause merriment friend gaze wonder stare open-mouthed amazement explain strange, There is a pause in the merriment as your friends gaze at you , wondering why you are staring ,
food wonderful lot fun '' ! ! write ten old, `` The food is wonderful and it is a lot of fun to be here '' ! ! So wrote
buffet swirl wind little green biplane struggle northward mountain beyond, Buffeted by swirling winds , the little green biplane struggled northward between the mountains beyond Northfield Gulf . Wires whined
retire saying last years go get sixty-five fast '' yes, Are you retiring now ? ? If so , are you saying , `` Where did the last few years
recent writings assume ignorant young couple thing remote victorian past, Some recent writings assume that the ignorant young couples are a thing of the remote , Victorian past ; ;
tradition poetry marriage bed place unity harmony partner bring unselfish, In tradition and in poetry , the marriage bed is a place of unity and harmony . The partners each
give title lady diana harrington new york d.a. give another, She gave herself a title , Lady Diana Harrington . The New York D.A. gave her another , The Golden
franklin d. lee prove man prompt action mrs. claire shaefer, Franklin D. Lee proved a man of prompt action when Mrs. Claire Shaefer , accompanied by a friend , visited
ten-year-old richard stewart irritable quarrelsome almost grade go steadily downhill, Ten-year-old Richard Stewart had been irritable and quarrelsome for almost a year . His grades had gone steadily downhill ,
time time medium mention people around '' side '' report, From time to time the medium mentions other people `` around him '' , who were `` on the other
farming confine farmer life must arrange meet demand crop livestock, Farming is confining . The farmer's life must be arranged to meet the demands of crops and livestock . Livestock
everyone personal group tragedy relate given day court vast collective, Everyone with a personal or group tragedy to relate had to be given his day in court as in some
poughkeepsie n.y. 1952 roman catholic hospital present seven protestant physician, In Poughkeepsie , N.Y. , , in 1952 , a Roman Catholic hospital presented seven Protestant physicians with an ultimatum
april 17 1610 sturdy little three-masted bark discovery weigh anchor, On April 17 , 1610 , the sturdy little three-masted bark , Discovery , weighed anchor in St. Katherine's Pool
thomas douglas fifth earl selkirk noble humanitarian scot concern plight, Thomas Douglas , fifth Earl of Selkirk , a noble humanitarian Scot concerned with the plight of the crofters of
letters common soldier rich humor indeed rich humor found whole, The letters of the common soldiers are rich in humor . Indeed , no richer humor is to be found
popularity folklore america stand direct proportion popularity nationalism america emphasis, The popularity of folklore in America stands in direct proportion to the popularity of nationalism in America . And the
part arrangement torrio spirit peace good exchange arm support april, As part of the same arrangement , Torrio had , in the spirit of peace and good will , and
tsunami may start sea bottom slide earthquake volcanic eruption infamous, A tsunami may be started by a sea bottom slide , an earthquake or a volcanic eruption . The most
ireland county limerick near river shannon quiet little suburb name, In Ireland's County Limerick , near the River Shannon , there is a quiet little suburb by the name of
mean suggest assumption self-evident sense everyone agree walter lippmann would, I do not mean to suggest that these assumptions are self-evident , in the sense that everyone agrees with them
first rattle machine gun 7:10 evening rouse around vary voice, The first rattle of the machine guns , at 7:10 in the evening , roused around me the varied voices
interview teen-agers confirm portrait weakening religious ethnic bond jewish identity, My interviews with teen-agers confirmed this portrait of the weakening of religious and ethnic bonds . Jewish identity was often
use frequently shake using gall breast mother shave half cup, This should be used frequently ( but shaken before using ) . For galled breasts , the mother should shave
except wine waiter restaurant always inscrutable plenipotentiary unto genius key, Except for the wine waiter in a restaurant -- always an inscrutable plenipotentiary unto himself , the genii with the
giffen reply punctually enthusiastically rest assure accompany letter instructions shall, Giffen replied punctually and enthusiastically : `` Rest assured that your accompanying Letter of Instructions shall be in the Letter
certainly new frontier bring washington group vary background interest secretary, But certainly the New Frontier has brought to Washington a group more varied in background and interest . Secretary of
surround ancient elm campus spacious beautiful building mostly georgian dartmouth, Surrounded by ancient elms , the campus is spacious and beautiful . The buildings are mostly Georgian . The Dartmouth
person left buggy never identify busy street conveniently near shopping, The person who left the buggy there has never been identified . It was a busy street , conveniently near
father james upton upton mention hawthorne famous introduction scarlet letter, Her father , James Upton , was the Upton mentioned by Hawthorne in the famous introduction to the Scarlet Letter
school district one find link school job vocational program organize, In a few school districts one finds a link between school and job . In those vocational programs organized with
soybean seed important leguminous food world unite state half world, The soybean seed is the most important leguminous food in the world . In the United States , where half
hold herd cattle new range till felt home call locatin', To hold a herd of cattle on a new range till they felt at home was called `` locatin' ''
john found lion track found near carcass zebra kill night, It was John who found the lion tracks . He found them near the carcass of a zebra that had
missionary obligation proclaim gospel world left zealous individual voluntary society, The missionary obligation to proclaim the gospel to all the world was once left to zealous individuals and voluntary societies
yet crowd come see fresh kid city try match boy, Yet a crowd came out to see some fresh kids from the city try to match the boys from the
conclusion dependent assumption traditional sex mores continue sanction premarital chastity, This conclusion is dependent on the assumption that traditional sex mores will continue to sanction both premarital chastity as the
final accounting would augment bill side estimate one million dollar, In the final accounting , these would have augmented the bill for both sides . An estimate of one million
little farther along road come church santa sabina call pearl, A little farther along the road you come to the Church of Santa Sabina , called the `` Pearl of
rare indeed harlem citizen circumspect church member shiftless adolescent long, Rare , indeed , is the Harlem citizen , from the most circumspect church member to the most shiftless adolescent
color delay 1935 wide screen early fifties movement chief often, Color was delayed until 1935 , the wide screen until the early fifties . Movement itself was the chief and
general religious interest seem exist parts metropolis congregational membership however, In general , religious interest seems to exist in all parts of the metropolis ; ; congregational membership , however
capital largely squander seem course pursue director sell directly concessionaire, With capital largely squandered , there seemed to them no other course to pursue . The directors sold directly to
would please publish back home plan frolic paris hong kong, They would not be pleased to have it published back home that they planned a frolic in Paris or Hong
deep water use many people always clean washing outside know, The deep water is used by many people , but it is always clean , for the washing is done
achievement desegregation certain lunch counter wise action local community leaders, The achievement of the desegregation of certain lunch counters not only by wise action by local community leaders but by
northern liberal chief supporter civil right integration also led nation, Northern liberals are the chief supporters of civil rights and of integration . They have also led the nation in
past duty state sir henry maine note long ago two, In the past , the duties of the state , as Sir Henry Maine noted long ago , were only
thermonuclear war set accident steps take guard one sort mishap, Can thermonuclear war be set off by accident ? ? What steps have been taken to guard against the one
suddenly however posture change game end go rigid black statuary, Suddenly , however , their posture changed and the game ended . They went as rigid as black statuary six
fortunate time build seventeenth century great period persian art architect, It was a fortunate time in which to build , for the seventeenth century was a great period in Persian
die frist ist um und wiederum verstrichen sind sieben jahr, Die Frist ist um , und wiederum verstrichen sind sieben Jahr , the Maestro quoted The Flying Dutchman , as
days founding father america face stern test test president kennedy, Once again , as in the days of the Founding Fathers , America faces a stern test . That test
tobacco road dead long live tobacco road nostalgic yankee reader, Tobacco Road is dead . Long live Tobacco Road . Nostalgic Yankee readers of Erskine Caldwell are today informed by
another element concern choreographer visual devices theatre avant-garde creator true, Another element to concern the choreographer is that of the visual devices of the theatre . Most avant-garde creators ,
north south greater agreement sovereignty dispute founding father truth conflict, The North and the South were in greater agreement on sovereignty , through all their dispute about it , than
cell coalesce organism build new unnatural '' internally control environment, As cells coalesced into organisms , they built new `` unnatural '' and internally controlled environments to cope even more
nothing like godot arrive hour letter suggest meet hotel noon, Nothing like Godot , he arrived before the hour . His letter had suggested we meet at my hotel at
even hemingway effort formulate naturalistic morality sun also rise farewell, Even Hemingway , for all his efforts to formulate a naturalistic morality in The Sun Also Rises and A Farewell
fence old days child across front yard side iron either, There were fences in the old days when we were children . Across the front of a yard and down
worth dwelling detail crisis story bring together number characteristic elements, It is worth dwelling in some detail on the crisis of this story , because it brings together a number
reality '' respond rationally empty art imitation inescapable powerfulness unknown, The `` reality '' to which they respond is rationally empty and their art is an imitation of the inescapable
eighteen years non-interference already indication melioration though slight degree '', After only eighteen years of non-interference , there were already indications of melioration , though `` in a slight degree
among recipient nobel prize literature half practically unknown reader english, Among the recipients of the Nobel Prize for Literature more than half are practically unknown to readers of English .
today private detective also investigate insurance claim handle divorce case, Today the private detective will also investigate insurance claims or handle divorce cases , but his primary function remains what
show objective cooperative people organization determine type network require type, It will be shown that the objectives of the cooperative people in an organization determine the type of network required
american democratic thought point relation protestant movement country development social, American democratic thought , pointed up the relation between the Protestant movement in this country and the development of a
society runaway uncontrollable growth technology may end civilization normal healthy, Does our society have a runaway , uncontrollable growth of technology which may end our civilization , or a normal
last years woodrow wilson administration red scare develop country many, During the last years of Woodrow Wilson's administration , a red scare developed in our country . Many Americans reacted
president personality would open office first time representative high office, The President's personality would have opened that office to him . And for the first time a representative of the
change change one positive position another change order truth disorder, For this change is not a change from one positive position to another , but a change from order and
bring another problem use psychoanalytic insight literary work oedipus complex, All of which brings up another problem in the use of psychoanalytic insight in a literary work . Is the
recollection natural man-made object keep coming head would suppress sternly, In recollection he has said : `` Natural or man-made objects kept coming into my head , but I would
important mr. o'donnell essay thesis restrict deny faulkner stature obviously, Important as was Mr. O'Donnell's essay , his thesis is so restricting as to deny Faulkner the stature which he
years ago julian huxley propose audience make member british association, Some years ago Julian Huxley proposed to an audience made up of members of the British Association for the Advancement
copernicus question ptolemy could given conceptual context within ancient thought, Copernicus did not question it , Ptolemy could not . Given the conceptual context within which ancient thought thrived ,
henrietta feeling identity sara sullam crown discovery coincidence sara epitaph, Henrietta's feeling of identity with Sara Sullam was crowned by her discovery of the coincidence that Sara's epitaph in the
time making mistake olgivanna country nickname respectful form address attractive, This time he was making no mistake . Olgivanna -- in her country the nickname was a respectful form of
likely simply tell hand us book matter little incanted provide, More likely , you simply told yourself , as you handed us the book , that it mattered little what
song give verbal footnote song sandburg sang often remind listener, With each song he gave verbal footnotes . The songs Sandburg sang often reminded listeners of songs of a kindred
unite state always ready participate soviet union serious discussion subject, The United States is always ready to participate with the Soviet Union in serious discussion of these or any other
group upon issuance first press release december 21 1957 designate, The group , upon the issuance of its first press release on December 21 , 1957 , designated itself a
fortunately hole found last plug another week pass even missionary, Fortunately the hole was found at last and plugged . Another week passed and even the missionaries were enjoying the
describe first imaginary reaction foreigner puzzle unseasonable exultation '' answer, She describes , first , the imaginary reaction of a foreigner puzzled by this `` unseasonable exultation '' ; ;
harold arlen return california winter 1944 take collaboration johnny mercer, When Harold Arlen returned to California in the winter of 1944 , it was to take up again a collaboration
feel oblige describe cubbyhole single porcelain stall one cabinet chair, I feel obliged to describe this cubbyhole . It had a single porcelain stall and but one cabinet for the
home mama would see fresh white rose sometimes mrs. coolidge, If she were not at home , Mama would see to it that a fresh white rose was there .
impressive enumeration barely hint diverse perception jew collectively individually attest, Impressive as this enumeration is , it barely hints at the diverse perceptions of Jews , collectively or individually ,
two facet aspect literary process special significance time one reservation, Two facets of this aspect of the literary process have special significance for our time . One , a reservation
late r. g. collingwood philosopher whose work prove helpful many, The late R. G. Collingwood , a philosopher whose work has proved helpful to many students of literature , once
suppose take mr. hearst morning american $10,000 '' brisbane propose, `` Suppose you take Mr. Hearst's morning American at $10,000 a year '' , Brisbane proposed . `` You could
trevelyan liberalism liberalism spirit deep feeling communion men fighting country, Trevelyan's Liberalism was above all a liberalism of the spirit , a deep feeling of communion with men fighting for
stand table surround hundred expectant young face question come side, I stood on a table , surrounded by hundreds of expectant young faces . Questions came to me from all
remember every detail pre-assault movement nothing final desperate rush come, He remembered every detail of his pre-assault movements but nothing of the final , desperate rush to come to grips
one letters ever complain meynell thompson tell patmore distress leave, In one of the very few letters in which he ever complained of Meynell , Thompson told Patmore of his
first imperial sortie half lewis trek southeast red russia kamieniec, As he had done on his first Imperial sortie a year and a half before , Lewis trekked southeast through
mando pleading cause must dr. brown distinguish physician unite state, Mando , pleading her cause , must have said that Dr. Brown was the most distinguished physician in the United
let become honest discard let ready invent whatever falsehood assail, `` Let him become honest , and they discard him . -- But let him be ready to invent whatever
samuel gorton founder warwick style historian samuel greene arnold one, Samuel Gorton , founder of Warwick , was styled by the historian Samuel Greene Arnold `` one of the most
fred wheel back room big one looking back porch put, When Fred wheeled him back into his room , the big one looking out on the back porch , and
return city live still brown sharpe felt full impact evangelical, It was not until we had returned to the city to live , while I was still at Brown and
criticism old literary art set stage study three modern see, Criticism is as old as literary art and we can set the stage for our study of three moderns if
would satisfactory leave conclusion point reach fortunately possible somewhat concrete, But it would not be very satisfactory to leave our conclusions at the point just reached . Fortunately , it
new jersey morgan hasten headquarters washington whitemarsh pennsylvania arrive november, From New Jersey , Morgan hastened to the headquarters of Washington at Whitemarsh , Pennsylvania , arriving there on November
original cause quarrel philip seizure gascony one strand spider web, For by now the original cause of the quarrel , Philip's seizure of Gascony , was only one strand in
usually turn well either like right people wrong people town, It usually turned out well for him because either he liked the right people or there were only a few
turn century precise two decade preceeding following marks great change, The turn of the century , or to be more precise , the two decades preceeding and following it ,
something necessary beyond volunteer little glamour romance european war mean, To do so , something was necessary beyond volunteering because there was little glamour or romance in the European war
imagination nineteenth century greek tragedian shakespeare stand side side affinity, In the imagination of the nineteenth century the Greek tragedians and Shakespeare stand side by side , their affinity transcending
bishop gloucester describe elder thomas 1577 rich recusant diocese worth, The Bishop of Gloucester described the elder Thomas in 1577 as the richest recusant in his diocese , worth five
fall rome discovery precious metal protestant reformation links could explain, The fall of Rome , the discovery of precious metals , and the Protestant Reformation were all links and could
stephen write classic incident travel '' region hundred years catherwood, Stephens had written his classic `` incidents of travel '' about these regions a hundred years before , and Catherwood
look spoke get speaking still simply wordlessly walk end nearly, He looked at her as she spoke , then got up as she was speaking still , and , simply
1613 list exist contain twenty thirty names total number incepting, From 1613 on , if the lists exist , they contain between twenty to thirty names . As the total
writer class science fiction clearly mind assumption man master principle, Writers of this class of science fiction have clearly in mind the assumptions that man can master the principles of
often person look young age '' old age '' yet, We often say of a person that he `` looks young for his age '' or `` old for his
anywhere contemporary literature major effort counterbalance existentialism restore former lustre, For here if anywhere in contemporary literature is a major effort to counterbalance Existentialism and restore some of its former
pessimistic assessment cold war eden declare must much closer unity, In a pessimistic assessment of the cold war , Eden declared : `` There must be much closer unity within
recent experiment new poetry-and-jazz movement see part san francisco renaissance, The recent experiments in the new poetry-and-jazz movement seen by some as part of the `` San Francisco Renaissance ''
let us see typical krim new york-born jewish spend one, Let us see just how typical Krim is . He is New York-born and Jewish . He spent one year
sign portent like regular topple deface bust lauro di bosis, There had been signs and portents like the regular toppling over and defacing of the bust of Lauro Di Bosis
office business economics obe u.s. department commerce provide basic measure, The Office of Business Economics ( OBE ) of the U.S. Department of Commerce provides basic measures of the national
le develop country however programing best inadequate worst nonexistent advance, In most of the less developed countries , however , such programing is at best inadequate and at worst nonexistent
hear tell young people almost 50 years service congress see, You have heard him tell these young people that during his almost 50 years of service in the Congress he
origin state automobile practice practice state-owned vehicle use employee business, Origin of state automobile practices . The practice of state-owned vehicles for use of employees on business dates back over
rhode island property tax time years ago local taxation city, The Rhode Island property tax There was a time some years ago when local taxation by the cities and towns
local industry investment rhode island big story 1960 industrial development, Local industry's investment in Rhode Island was the big story in 1960's industrial development effort . Fifty-two companies started or
special district rhode island within scope report elaborate great detail, Special districts in Rhode island . It is not within the scope of this report to elaborate in any great
rhode island heritage week proclamation john a. notte jr. governor, Rhode Island Heritage Week proclamation by John A. Notte , Jr. , governor The theme of Rhode Island Heritage Week
enact senate house representative unite state america congress assemble act, Be it enacted by the Senate and House of Representatives of the United States of America in Congress assembled ,
period 431 presentation member staff make local national international medical, In the same period , 431 presentations by members of the staff were made to local , national , and
another recent achievement successful development method complete combustion bomb calorimeter, Another recent achievement was the successful development of a method for the complete combustion in a bomb calorimeter of a
e addition penalty provide title 18 unite state code section, ( E ) In addition to the penalties provided in Title 18 , United States Code , Section 1001 ,
mr. dooley mr. speaker several years commuter railroad serving large, Mr. Dooley . Mr. Speaker , for several years now the commuter railroads serving our large metropolitan areas have found
inception 1920 passage public law 236 66th congress purpose vocational, From its inception in 1920 with the passage of Public Law 236 , 66th Congress , the purpose of the
entrance side shelter roof beam rest inside inch block wall, At the entrance side of the shelter , each roof beam is rested on the inside 4 inches of the
former du pont official become general motor vice president set, A former Du Pont official became a General Motors vice president and set about maximizing Du Pont's share of the
medieval mental quirk attitude unnourished sense '' believe husband wife, It is not a medieval mental quirk or an attitude `` unnourished by sense '' to believe that husbands and
foreign policy total context enlarge role mind like make suggestion, Foreign policy in its total context With this enlarged role in mind , I should like to make a few
general age limit restriction one sex particular project require special, While there should be no general age limit or restriction to one sex , there will be particular projects requiring
wildlife habitat resource 1960 one-quarter 92.5 million recreation visit national, Wildlife habitat resources In 1960 one-quarter of the 92.5 million recreation visits to the National Forests and Grasslands were for
strategy tactics u.s. military force undergo one greatest transition history, Strategy and tactics of the U.S. military forces are now undergoing one of the greatest transitions in history . The
purchase authorization include provisions relate sale delivery commodity include class, Purchase authorizations will include provisions relating to the sale and delivery of commodities , including the classes , types and/or
broad delegation leaf within discretion subject always-present criterion public interest, This broad delegation leaves within our discretion ( subject to the always-present criterion of the public interest ) both the
elect use standard deduction tax table later find itemize deduction, If you elect to use the Standard Deduction or the Tax Table , and later find you should have itemized
one- two-season hunt many recently may harm good program raise, The one- or two-season hunt , of which there have been too many recently , may do more harm than
brown sharpe manufacturing reach 125th going industrial concern 1958 become, When the Brown & Sharpe Manufacturing Company reached its 125th year as a going industrial concern during 1958 , it
sales income end december 31 1960 show improvement 1959 income, Sales and net income for the year ended December 31 , 1960 showed an improvement over 1959 . Net income
following term service japan emissary return brief visit campus interpret, Following the term of service in Japan , each emissary returns for a brief visit to the campus to interpret
recent month much attention given probable extent current downtrend business, In recent months , much attention has been given to the probable extent of the current downtrend in business and
meeting help president keep track delegate matter since duty fit, Between meetings he helps the president keep track of delegated matters . Since these duties fit neatly with those of
introduction recently become practical use radio emission moon planet new, 1 . Introduction It has recently become practical to use the radio emission of the moon and planets as a
abstract experiment make electric arc apply porous graphite anode cool, Abstract Experiments were made on an electric arc applying a porous graphite anode cooled by a transpiring gas ( Argon
band viscometer show figure consist two block flat surface hold, A band viscometer is shown in Figure 2 . It consists of two blocks with flat surfaces held apart by
proton magnetic resonance study polycrystalline af function magnetic field temperature, A proton magnetic resonance study of polycrystalline Af as a function of magnetic field and temperature is presented . Af
polyphosphate give renew life soap product time surfactant threat though, Polyphosphates gave renewed life to soap products at a time when surfactants were a threat though expensive , and these
thermal exchange chlorine af liquid af readily measurable temperature range, The thermal exchange of chlorine between Af and liquid Af is readily measurable at temperatures in the range of 180-degrees
poynting-robertson effect robertson 1937 wyatt whipple 1950 retardation orbital motion, The Poynting-Robertson effect ( Robertson , 1937 ; ; Wyatt and Whipple , 1950 ) , which is a retardation
biological warfare biological warfare intentional use living microorganism toxic product, Biological warfare Biological warfare is the intentional use of living microorganisms or their toxic products for the purpose of destroying
variety technique direct toward isolation study blood group antibody include, A variety of techniques have been directed toward the isolation and study of blood group antibodies . These include low-temperature
apart honeybee practically bee bumblebee hibernate state torpor occasionally may, Apart from the honeybee , practically all bees and bumblebees hibernate in a state of torpor . Occasionally , you
many probably nearly snake maturity already half final length laurence, Many other ( probably nearly all ) snakes at maturity are already more than half their final length . Laurence
bronchus pulmonary artery lung type maintain close relationship throughout pulmonary, The bronchus and pulmonary artery in this lung type maintain a close relationship throughout . The pulmonary vein , however
feature top portion figure figure mention discuss table first onset, Some of the features of the top portions of Figure 1 and Figure 2 were mentioned in discussing Table 1
interestingly enough effect digitalis glycoside inhibit high concentration potassium incubation, Interestingly enough , the effect of the digitalis glycosides is inhibited by a high concentration of potassium in the incubation
introduction muscle weakness recognize uncommon though serious complication steroid therapy, Introduction Muscle weakness is now recognized as an uncommon though serious complication of steroid therapy , with most of the
purification conjugate attempt improve specificity staining fluorescein-labeled antiserum use direct, Purification of the conjugates In attempting to improve specificity of staining , the fluorescein-labeled antisera used in both direct and
since emotional reaction higher vertebrate depend individual experience arouse man, Since emotional reactions in the higher vertebrates depend on individual experience and are aroused in man , in addition ,
6.4 primary decomposition theorem try study linear operator finite-dimensional space, 6.4 . The primary decomposition theorem We are trying to study a linear operator T on the finite-dimensional space V
7-1 example binomial experiment experiment compose repetition independent trial two, 7-1 . Examples of binomial experiments Some experiments are composed of repetitions of independent trials , each with two possible
consider simple close plane curve c real-analytic image unit circle, Consider a simple , closed , plane curve C which is a real-analytic image of the unit circle , and
introduction investigate new series line involution projective space three dimension, Introduction . In 1 we investigate a new series of line involutions in a projective space of three dimensions over
society expect face difficult times historic process modernization gradually gain, These societies can expect to face difficult times . As the historic processes of modernization gradually gain momentum , their
major function religion place religion simple preliterate society quite definite, 2 : : Some of the major functions of religion The place of religion in the simple , preliterate societies
overwhelm care five young child concern persistent economic difficulty due, Overwhelmed with the care of five young children and concerned about persistent economic difficulties due to her husband's marginal income
sentiment tension management communication sentiment process involve functioning element sentiment, Sentiment . Tension management and communication of sentiment are the processes involved in the functioning of the element of sentiment
royal decree issue 1910 two years belgian government assume authority, A royal decree issued in 1910 , two years after the Belgian government assumed authority for the administration of the
evidence mind writer begin plan might effectively educate married student, With this evidence in mind , the writer began to plan how he might more effectively educate the married students
thus reasonable believe significant difference two group performance task brief, Thus it is reasonable to believe that there is a significant difference between the two groups in their performance on
control socioeconomic status would desirable two community differ respect variable, Control of socioeconomic status It would have been desirable for the two communities to have differed only in respect to
analysis analysis means evaluation subpart comparative rating parts comprehension meaning, Analysis Analysis means the evaluation of subparts , the comparative ratings of parts , the comprehension of the meaning of
easy therapist discern patient communicating introject appear holding sway one, It is not easy for the therapist to discern when , in the patient's communicating , an introject has appeared
many linguistic technique reducing amount dictionary information propose organize dictionary, The many linguistic techniques for reducing the amount of dictionary information that have been proposed all organize the dictionary's contents
sentence pattern stress determine complex combination influence suggest tendency toward, In sentences , patterns of stress are determined by complex combinations of influences that can only be suggested here .
obvious enough linguist general le successful coping tone system consonant, It is obvious enough that linguists in general have been less successful in coping with tone systems than with consonants
stem per item athabascan express fact athabascan language undergo somewhat, There are more stems per item in Athabascan , which expresses the fact that the Athabascan languages have undergone somewhat
doubtless inevitable difference opinion arise method apply policy nevertheless almost, Doubtless it was inevitable that differences of opinion should arise about the methods for applying these policies . It was
analysis election falls naturally four parts first long still somewhat, An analysis of the election falls naturally in four parts . First is the long and still somewhat obscure process
unemployed older worker expectation secure employment occupation skilled able secure, Unemployed older workers who have no expectation of securing employment in the occupation in which they are skilled should be
briefly topping configuration must examine inference fact lower channel line, But briefly , the topping configuration must be examined for its inferences . Then the fact that the lower channel
assess outlook interest rates 1961 question always prospect general business, In assessing the outlook for interest rates in 1961 , the question , as always , is the prospect for
wage-price policy industry result complex force single explanation found apply, Wage-price policies of industry are the result of a complex of forces -- no single explanation has been found which
century 1815 1914 law nation become international law several factor, In the century from 1815 to 1914 the law of nations became international law . Several factors contributed to this
mr. justice black one minority rest article power view support, Mr. Justice Black was one of the minority that rested on the Article 1 , power . In this view
else one explain example allow survival right amortize bond discount, How else can one explain , for example , allowing the survival of the right to amortize bond discount and
reason select mail questionnaire method two method could use conducting, A . Reasons for selecting mail questionnaire method There were two methods that could have been used for conducting the
vast central valley california one productive agricultural area world summer, The vast Central Valley of California is one of the most productive agricultural areas in the world . During the
martin stendler present evidence infant young child solve many problem, 9 . Martin and Stendler present evidence that infants and young children can and do solve many problems at a
summary report desegregation progress education middle-south region 1959 1960 '', The Summary Report On Desegregation Progress In Education In The Middle-South Region , 1959 - 1960 '' clearly shows two
next question whether board member favor social class role educational, The next question is whether board members favor their own social classes in their roles as educational policy-makers . On
unfortunately however reason discuss following chapter rate relationship make completely, Unfortunately , however , and for reasons to be discussed in the following chapter , no rate relationships can be
precondition sociology remain largely unexamined sociologist like primitive numbers mathematics, The preconditions of sociology have remained largely unexamined by the sociologist . Like primitive numbers in mathematics , the entire
neither statement empirical goodness quality like red squeaky could see, But neither was the statement empirical , for goodness was not a quality like red or squeaky that could be
injure german veteran former miner twenty-four years old wounded shrapnel, The injured German veteran was a former miner , twenty-four years old , who had been wounded by shrapnel in
whenever artist indeed turn actual representation mold three-dimensional figure rare, Whenever artists , indeed , turned to actual representations or molded three-dimensional figures , which were rare down to 800
cook discover beef possession days earlier could show hide arrest, Cook had discovered a beef in his possession a few days earlier and , when he could not show the
plant locate west battenkill south location former electric light plant, The plant was located west of the Battenkill and south of the location of the former electric light plant .
write utopia treat learn diversion learn world '' phantasy amuse, Some who have written on Utopia have treated it as `` a learned diversion of a learned world '' ,
dorr trial democratic press condemn proceedings herald dorr martyr principle, During the Dorr trial the Democratic press condemned the proceedings and heralded Dorr as a martyr to the principles of
rather deceive eye puzzle instead seeing object space see nothing, Rather than being deceived , the eye is puzzled ; ; instead of seeing objects in space , it sees
los angeles 1957 finally bow skyscraper without high density core, Los Angeles in 1957 finally bowed to the skyscraper . ) And without high density in the core , rapid-transit
lose sands 19th century grand stream italian renaissance architectural decoration, Before losing itself in the sands of the 19th Century , the grand stream of Italian Renaissance architectural decoration made
wish address letter part unknown may well rudy pozzatti visit, Those whom I wish to address with this letter are for the most part unknown to me . It may
sane society ambitious work scope broad question mean live modern, The Sane Society is an ambitious work . Its scope is as broad as the question : What does it
one characteristic distinguish boris godunov consistency every person stage include, If one characteristic distinguishes Boris Godunov , it is the consistency with which every person on the stage -- including
far remark like criticism hardy tacitly assume poetry piece one, So far these remarks , like most criticisms of Hardy , have tacitly assumed that his poetry is all of
critically invisible modern revolt like x-ray radioactivity perceive effects materialistic, Critically invisible , modern revolt , like X-rays and radioactivity , is perceived only by its effects at more materialistic
anglo-saxon greek epic provide two occasions seemingly authentic account narration, Anglo-Saxon and Greek epic each provide on two occasions a seemingly authentic account of the narration of verse in the
recent criticism great expectation tend emphasize symbolic mythic content show, Recent criticism of Great Expectations has tended to emphasize its symbolic and mythic content , to show , as M.
following item may specify actual symbolic form operand instructions refer, The following items may be specified in actual or symbolic form in the operands of those instructions which refer to
midwest oxidation pond use extensively treatment domestic sewage suburban area, In the Midwest , oxidation ponds are used extensively for the treatment of domestic sewage from suburban areas . The
thus three main category antisubmarine warfare operations defense shipping defense, Thus , the three main categories of antisubmarine warfare operations are defense of shipping , defense of naval forces ,
two metabolite p-aminobenzoic acid paba act cofactor hydroxylation aniline acid-fast, Two metabolites ( 1 , and 2 ) ) of p-aminobenzoic acid ( PABA ) which act as cofactors for
organization publication measurement interfacial angle crystal use classify identify chemical, Organization : In this publication measurements of interfacial angles of crystals are used to classify and identify chemical substances .
individual class food differ requirement preservation number method develop years, Because individual classes of foods differ in their requirements for preservation , a number of methods have been developed over
furthermore make exact assessment removal mechanism possible instrument show fig., Furthermore , it has made an exact assessment of the removal mechanisms possible . The instrument is shown in Fig.
within years foam plastic material manage grow integral important phase, Within only a few years , foamed plastics materials have managed to grow into an integral , and important ,
temperature wash rinse waters maintain 85 90-degrees-f 29 32-degrees-c top, Temperature of the wash and rinse waters is maintained at 85 - 90-degrees-F ( 29 - 32-degrees-C ) . The
high-gain photoelectronic image intensification apply conditions low incident light level, High-gain , photoelectronic image intensification is applied under conditions of low incident light levels whenever the integration time required by
set decision call operate policy simply policy optimal policy one, The set of all decisions is called the operating policy or , more simply , the policy . An optimal
gyro-stabilized platform system using restrain gyro well suit automatic leveling, A gyro-stabilized platform system , using restrained gyros , is well suited for automatic leveling because of the characteristics of
thirty-three scotty go back school parent talk seriously lengthily doctor, Thirty-three Scotty did not go back to school . His parents talked seriously and lengthily to their own doctor and
sharp edge seem restless sea wave thrusting upward angry motion, Where their sharp edges seemed restless as sea waves thrusting themselves upward in angry motion , Papa-san sat glacier-like ,
mickie sat second whisky-on-the-rocks little bar next funeral parlor pennsylvania, Mickie sat over his second whisky-on-the-rocks in a little bar next to the funeral parlor on Pennsylvania Avenue . Al's
bishop look coldly take leave '' ! ! literally nothing, The Bishop looked at him coldly and said , `` Take it or leave it '' ! ! Literally ,
payne dismount madison place hand rein herold fog increase darkness, Payne dismounted in Madison Place and handed the reins to Herold . There was a fog , which increased the
sneer man spread legs third time confront katie rear whinny, With a sneer , the man spread his legs and , a third time , confronted them . Once more
crummy bastard could write ! ! two fucken nigger !, If the crummy bastard could write ! ! That's how it should be . It's those two fucken niggers !
rousseau persuasive voltaire almost convince burn book two men riding, Rousseau is so persuasive that Voltaire is almost convinced that he should burn his books , too . But while
first time us laugh since morning begin rider concord good, It was the first time any of us had laughed since the morning began . The rider from Concord was
summer gambling house close despite threat pierre ameaux gaming-card manufacturer, That summer the gambling houses were closed , despite the threats of Pierre Ameaux , a gaming-card manufacturer . Dancing
standing shelter tent reject hospital tent rain drip longer drumming, Standing in the shelter of the tent -- a rejected hospital tent on which the rain now dripped , no
child much part environment eager grow learn experience easthampton summer, She was a child too much a part of her environment , too eager to grow and learn and experience
dim underwater light dress straighten room go across hall kitchen, In the dim underwater light they dressed and straightened up the room , and then they went across the hall
bring mixture myrrh aloes hundred pounds' weight take jesus body, He brought with him a mixture of myrrh and aloes , of about a hundred pounds' weight . They took
beth still breath come small jerking gasp thin legs twitch, Beth was very still and her breath came in small jerking gasps . The thin legs twitched convulsively once ,
red glow cove die sky two bed know old people, The red glow from the cove had died out of the sky . The two in the bed knew each
burly leather men wrinkle woman drab black rag carry primitive, Burly leathered men and wrinkled women in drab black rags carried on in a primitive way , almost unchanged from
getting real dramatic i'd impress remember she'd play hedda gabler, She was getting real dramatic . I'd have been more impressed if I hadn't remembered that she'd played Hedda Gabler
one fact rector could overlook one truth could deny long, There was one fact which Rector could not overlook , one truth which he could not deny . As long
conclude asking name another hour one inconvenient fish take bait, She concluded by asking him to name another hour should this one be inconvenient . The fish took the bait
beckworth hand pass colonel thought suggestion taking would tip colonel, Beckworth handed the pass to the colonel . He had thought that the suggestion of taking it himself would tip
would want one writer begin morning exclaiming gogol chekhov thackeray, I would not want to be one of those writers who begin each morning by exclaiming , `` O Gogol
though note clearly nephew see ten years since last journey, It was not as though she noted clearly that her nephews had not been to see her for ten years
eyes old never saw well heat whisky they'd glare noise, His eyes were old and they never saw well , but heated with whisky they'd glare at my noise ,
mid-fifties time long past establishment name wish lionize yet almost, He was in his mid-fifties at this time , long past the establishment of his name and the wish to
time come enjoy bride '' room tiny weaning house albright, But they all said , `` No , your time will come . Enjoy being a bride while you can
tell doctor plan conduct hatching '' alex ask hotel '', `` But tell me , doctor , where do you plan to conduct the hatching '' ? ? Alex asked
going downstairs tray winston wish could given miss ada know, Going downstairs with the tray , Winston wished he could have given in to Miss Ada , but he knew
love doubt rest summer scholarly mania making plaster cast spatter, Was it love ? ? I had no doubt that it was . During the rest of the summer my
thirty-eight patient bus morning left hanover disturb hallucinate interne nurse, There were thirty-eight patients on the bus the morning I left for Hanover , most of them disturbed and hallucinating
giving park car once-over oldsmobile license number jyj 114 stall, I was giving the parked cars the once-over . The Oldsmobile with the license number JYJ 114 was in stall
fat man gotta go around corner '' gun move thin, The fat man said , `` All we gotta do is go around the corner '' . The gun moved
jowl spike barb gray beard small mean eyes regard marty, His jowls were spiked by barbs of graying beard . His small , mean eyes regarded Marty steadily , unblinkingly
turn telephone rourke go bedroom change slipper dry sock shoes, Then he turned the telephone over to Rourke , and went into the bedroom to change his slippers for dry
eight nine steps roberts pause mickey pause waiting longer impatient, Eight , nine steps above him , Roberts had paused . Mickey paused with him , waiting , no longer
put call cunningham hotel room maid answer decide nancy must, He put in a call to Cunningham from his hotel room . The maid answered and he decided Nancy must
well '' mr. skyros take little time think '' awkward, `` Well '' -- said Mr. Skyros . `` I take a little time to think it over '' .
maude long nose unexpectedly wrinkle happen hall ! ! happen, Maude's long nose unexpectedly wrinkled up . `` Happened to be in the hall ! ! Happened to hear you
since last night think reason '' maybe speak anyway try, `` Not since last night . I didn't think there was any reason to '' . `` Maybe there isn't
right '' fingerprint man also going believe print look killer, `` Right '' , said the fingerprint man . `` Also , if you're going to believe those prints ,
andy see newspaper next day someone staff suspect ed thornburg, Andy did not see the newspapers the next day . Someone on his staff -- he suspected it was Ed
son watch get far hall almost sight hurry dad dad, His son watched until he got as far as the hall , almost out of sight , then hurried after
man sketch pad hand sat large pink woman small office, A man with a sketch pad in hand sat with a large pink woman in a small office at the
door conveniently unlock '' madden supplement damn door '' police, `` Through a door conveniently unlocked '' , Madden supplemented . `` That damn door '' , said the police
dammit phil try wreck career wrecking wrecking wrecking '' !, `` Dammit , Phil , are you trying to wreck my career ? ? Because that's what you're doing --
safe ingleside district station stand next gum machine narrow passageway, The safe at Ingleside District Station stands next to the gum machine in a narrow passageway that leads to Captain
finish story '' shrug ask tomorrow seem muse working good, `` She says she has to finish a story '' . He shrugged . `` I asked her why she
slowly pull hand throttle boat move little crawl watch elaine, Slowly he pulled out the hand throttle until the boat was moving at little more than a crawl , and
harbor point stick ocean like fat neck steamer clam rich, Harbor Point sticks out into the ocean like the fat neck of a steamer clam . It's a rich village
police drop case want go pearson city find first-hand stuff, But the police have dropped the case . I want you to go to Pearson City and find out why
good time shall get distress actuality red mciver handley walker, In good time I shall get to the distressing actuality , to Red McIver and Handley Walker , to murder
man haney peer doubtfully drinking companion bleary tear-filled eyes ready, That's what the man had said . Haney peered doubtfully at his drinking companion through bleary , tear-filled eyes .
halfway back pop grope wall stop pull away two loosely, About halfway back Pops groped against a wall and stopped , pulled away two loosely nailed wide boards at one
know self free grok ever closer brother merge without let, Now that he knew himself to be self he was free to grok ever closer to his brothers , merge
expense time involve astronomical however sent third vessel much smaller, The expense and time involved are astronomical . However , we sent a third vessel out , a much smaller
angel matter running logical deductive chain deciding action already establish, This was not , for the Angel , just a matter of running through a logical or deductive chain ,
ryan heft bulk support one elbow rub eyes sleepily one, Ryan hefted his bulk up and supported it on one elbow . He rubbed his eyes sleepily with one huge
live given name helva first three vegetable month wave crab, She lived and was given a name . Helva . For her first three vegetable months she waved her crabbed
would kill cabin anything '' mercer stammer knowing b'dikkat mean, It would have killed you in the cabin . Do you have anything for me '' ? ? Mercer stammered
dan morgan tell would forget ann turner well rid certainly, Dan Morgan told himself he would forget Ann Turner . He was well rid of her . He certainly didn't
gavin pause wearily can't stay late they'd dawn '' can't, Gavin paused wearily . `` You can't stay here with me . It's late and you said they'd be here
sentry dead fact showing sign revive carry enfield rifle holstered, The sentry was not dead . He was , in fact , showing signs of reviving . He had been
earthquake make return village '' ! ! dammit want go, `` So it wasn't the earthquake that made him return to his village '' ! ! `` No . Now
carry quirt start raise let fall dangle wrist saw fire, She was carrying a quirt , and she started to raise it , then let it fall again and dangle
state mind question possibility circumstances willing confess nearly thirty time, Such was my state of mind that I did not question the possibility of this ; ; under the circumstances
flat hard cap small thrust back head tie '' hell, The flat , hard cap was small , but he thrust it to the back of his head . ``
sense unusual preoccupation part mother comment upon finish eating melissa, If she sensed any unusual preoccupation on the part of her mother , she did not comment upon it .
miraculously found exactly right statement begin deliberately none words would, Miraculously , she found exactly the right statement . She began it deliberately , so that none of her words
brannon outfit know slash-b brand reach hondo creek sundown herd, The Brannon outfit -- known as the Slash-B because of its brand -- reached Hondo Creek before sundown . The
author anonymous note seem all-knowing men left cattle alone getting, The author of the anonymous notes seemed to be all-knowing . For men who had left cattle alone after getting
several minutes pass curt emerge livery stable brenner reentered hotel, When several minutes had passed and Curt hadn't emerged from the livery stable , Brenner reentered the hotel and faced
shoulder could see max loose grin burnsides' glower face honey, Over his shoulder he could see Max's loose grin and the Burnsides' glowering faces . `` Honey '' , he
larger dutch spring mining supply town appearance far busy prosperous, While no larger than Dutch Springs , this mining supply town had the appearance of being far busier and more
early november cloud lift enough carry assign mission sweeney squadron, Early in November the clouds lifted enough to carry out the assigned missions . And Sweeney Squadron put its first
rattling fender humming tire chattering gear charm melody whisper tiny, Over the rattling of fenders , humming of tires and chattering of gears there was a charming melody of whispers
guide divan turn tv face sat quietly stare wide eyes, I guided her to the divan , turned off the TV , faced her . She sat quietly , staring
many people think primary purpose higher education help make living, Too many people think that the primary purpose of a higher education is to help you make a living ;
better write postcard walter open myth book along margin next, He had better write a postcard to Walter . He opened the myth book again and there ( along the
west sabine god know three days stolid oxen plod blazing, They were west of the Sabine , but only God knew where . For three days , their stolid oxen
sulphur oil copra make kind tinder firebug dream suppose lascar, Sulphur , oil , and copra make the kind of tinder any firebug dreams of . I suppose a Lascar
guess spend morning getting organize head home maybe beat squaw, `` I guess he spent the morning getting himself all organized , then headed for home . Maybe to beat
calmly carefully slug remain five shot venomous head catch wicker, Then he calmly and carefully slugged the remaining five shots into the venomous head -- caught in the wicker back
next morning anchor elbow boat riding directly underwater ledge green, Now , the next morning , they were anchored at The Elbow and the boat was riding directly over the
early day matsuo saw marine enemy come loom around bend, Early that day Matsuo saw a marine . The enemy came looming around a bend in the trail and Matsuo
chair scrape back customer hastily vacate table tall young buffalo, Chairs scraped back and customers hastily vacated their tables as the tall young buffalo hunter pushed open the swing doors
several month jack carter big overgrow boy fifteen fuzzy pimpled, For several months now , Jack Carter , a big overgrown boy of fifteen with a fuzzy , pimpled face
fringe amuse throng white onlooker stand young woman remarkable beauty, On the fringe of the amused throng of white onlookers stood a young woman of remarkable beauty and poise .
bastard '' would put beat vivaldi stuff first chair clobber, `` Bastards '' , he would say , `` all I did was put a beat to that Vivaldi stuff
neither like dislike old man could break bell church tower, They neither liked nor disliked the Old Man . To them he could have been the broken bell in the
people come evening see baby hold room fill smoke maggie, People came in and out all evening to see the baby and hold it . The room filled with smoke
thrifty use unusual case like '' joke ! ! read, `` Thrifty of her to use it up . Unusual in a case like this , but '' -- ``
must forgive '' henrietta murmur room absolution doaty last testament, `` He must have forgiven me '' , Henrietta murmured to the room . The absolution of Doaty's last will
momoyama family come miyagi prefecture northeast main japanese island honshu, The Momoyama family had come from Miyagi Prefecture , in the northeast of the main Japanese island of Honshu ,
wonder one enjoy one spare time consider interest excursion road, How , he wondered , does one enjoy one's spare time ? ? He considered some interesting excursion but he
spencer nothing word would like offer defense '' spencer shook, Spencer said nothing . `` Is there any word you would like to offer in your own defense '' ?
rachel steer along toward school young boy beginning study torah, Rachel steered me along toward a school for young boys beginning to study the Torah . Bits of trash lay
i'll take '' two world imagine begin talk dream time, `` And I'll take you with me '' . The two of them against the world . That had been
among us three handle quite small commission spot drawing advertising, Among us , we three handled quite a few small commissions , from spot drawings for advertising agencies uptown to
little thing start car registration ida car license '' ask, Such a little thing to start with -- the car registration . `` Ida , where is the car license
rather small place nice bachelor apartment place call lancaster arms, `` I had a rather small place of my own . A nice bachelor apartment in a place called the
one night dookiyoon move direction woman lodge shades night go, But one night Dookiyoon moved in the direction of the women's lodge , where Shades of Night had gone to
move screen hemlock among white birch maple sound quarry begin, She was moving through a screen of hemlocks , in among the white birch and maples . The sounds from
make us conformist look good '' peculiar way think '', `` They make us conformists look good '' . `` That's a peculiar way to think '' . It wasn't
unimpressed dog plop sand quint blame maggie disbelieve eleven days, Unimpressed , the dog plopped on the sand . Quint couldn't blame Maggie for disbelieving . For eleven days they'd
bobbie evans smash car jaguar wife linda given last birthday, When Bobbie Evans smashed up his car , the Jaguar his wife Linda had given him for his last birthday
call baby-sitter night shirley appreciate chance make money nice little, She called then to say she had a baby-sitter for that night . `` Shirley appreciated the chance to make
really believe intuition swear moment open eyes know going bad, I don't really believe in intuition . But I swear to you from the moment I opened my eyes ,
slowly swimming bottom sea make welcome dark cool caress sweet, I was slowly swimming down to the bottom of the sea . She made me welcome . Her dark cool
two letters arrive miss theresa stubblefield put bag would stop, Two letters had arrived for Miss Theresa Stubblefield : she put them in her bag . She would not stop
know surely everybody westfield lucille husband stealer can't keep kind, I knew it as surely as everybody in Westfield -- that Lucille was a husband stealer . You can't keep
normal circumstances certain bright-eyed all-american-boy charm great appeal young lady, Under normal circumstances , he had a certain bright-eyed all-American-boy charm , with great appeal for young ladies , old
crowd stand change sun hot new riverside pitcher turn overhand, There was a crowd in the stands for a change and the sun was hot . The new Riverside pitcher
richard next interest seem product insularity broad reading take certain, Richard's next interest seemed the product of his insularity . His broad reading took him into certain by-ways of religion
thinking heat water morning plowing stubble field far across hill, I was thinking of the heat and of water that morning when I was plowing the stubble field far across
cady come unglued easily day glad tidings tax worry production, Cady didn't come unglued easily , but this had not been a day of glad tidings . Tax worries ,
martin felt incredible situation come exist begin grow monstrous proportion, Martin felt it was incredible that the situation had come to exist at all . And once begun , had
good old a-z '' cap know i've get one car, `` Good old A-Z '' , Cap said . `` You know , I've got one of your cars at
among hinkle identify photograph barco ! ! seem barco fancy, It was among these that Hinkle identified a photograph of Barco ! ! For it seems that Barco , fancying
realize hamlet face entirely different problem agony could greater accomplish, I realized that Hamlet was faced with an entirely different problem , but his agony could have been no greater
needle furious unparalleled intrusion upon free enterprise dare demand snoop, Needless to say , I was furious at this unparalleled intrusion upon free enterprise . How dared they demand to
date however garden still le mess even start workshop meadow, Up to date , however , his garden was still more or less of a mess , he hadn't even
ambiguity nothing english ridicule much ambiguous use words unless ambiguous, Ambiguity Nothing in English has been ridiculed as much as the ambiguous use of words , unless it be the
call afternoon old friend graves moreland anglo-american literary critic mother, I called the other afternoon on my old friend , Graves Moreland , the Anglo-American literary critic -- his mother
one day child want get onto general burnside horse want, One day , the children had wanted to get up onto General Burnside's horse . They wanted to see what
pueri aquam de silva ad agricola portant delightful vignette set, Pueri aquam de silvas ad agricolas portant , a delightful vignette set in the unforgettable epoch of pre-Punic War Rome
dear sir let begin clearing possible misconception mind wherever collective, Dear Sirs : Let me begin by clearing up any possible misconception in your minds , wherever you are .
